{
  "label": "HotpotQA Distractor",
  "n_chain_wins": 131,
  "n_chain_hurts": 60,
  "n_pairs_used": 131,
  "delta_stats": {
    "nli_flat": {
      "mean_delta": 0.016790618320610688,
      "median_delta": -0.0020829999999999998,
      "pct_positive": 41.98473282442748,
      "p_value": 0.5023529361524881
    },
    "nli_hop1": {
      "mean_delta": -0.06279421374045802,
      "median_delta": -0.001471,
      "pct_positive": 41.98473282442748,
      "p_value": 0.0539324306599155
    },
    "nli_hop2": {
      "mean_delta": 0.13929334351145037,
      "median_delta": 0.015985000000000006,
      "pct_positive": 62.59541984732825,
      "p_value": 0.000241623129897294
    },
    "nli_hop_balance": {
      "mean_delta": 0.04082975572519084,
      "median_delta": 0.013051000000000035,
      "pct_positive": 56.48854961832062,
      "p_value": 0.08082877670577934
    },
    "qa_flat": {
      "mean_delta": 0.29257470992366413,
      "median_delta": 0.0,
      "pct_positive": 40.458015267175576,
      "p_value": 6.846302899156033e-09
    },
    "qa_hop1": {
      "mean_delta": 0.09188587022900763,
      "median_delta": 0.0,
      "pct_positive": 17.557251908396946,
      "p_value": 0.030519248933390315
    },
    "qa_hop2": {
      "mean_delta": 0.26351735114503816,
      "median_delta": 0.0,
      "pct_positive": 37.404580152671755,
      "p_value": 1.383114626082743e-09
    },
    "qa_hop_balance": {
      "mean_delta": 0.3357609007633588,
      "median_delta": 0.12810300000000002,
      "pct_positive": 52.67175572519084,
      "p_value": 2.8278406087957322e-11
    },
    "lex_flat": {
      "mean_delta": 0.0012236946564885497,
      "median_delta": 0.0,
      "pct_positive": 42.74809160305343,
      "p_value": 0.4628942501728973
    },
    "lex_hop1": {
      "mean_delta": -0.005341251908396945,
      "median_delta": 0.0,
      "pct_positive": 27.480916030534353,
      "p_value": 0.05876835547350597
    },
    "lex_hop2": {
      "mean_delta": 0.009134465648854962,
      "median_delta": 0.0,
      "pct_positive": 48.854961832061065,
      "p_value": 0.013708950865827458
    },
    "lex_hop_balance": {
      "mean_delta": 0.006992557251908397,
      "median_delta": 0.007297000000000001,
      "pct_positive": 56.48854961832062,
      "p_value": 0.029858942539208407
    }
  },
  "z3_importances_note": {
    "qa_hop2": "19.1% (top feature in Z3)",
    "qa_hop_balance": "18.6% (second feature)",
    "nli_hop_balance": "10.2%",
    "lex_hop2": "10.0%",
    "nli_hop2": "9.7%"
  }
}