{
  "CHAIN_WINS": {
    "compositional": {
      "n": 61,
      "delta_features": {
        "nli_flat": {
          "name": "nli_flat",
          "n": 61,
          "mean": 0.0549,
          "median": 0.0043,
          "std": 0.2319,
          "frac_positive": 0.623,
          "wilcoxon_W": 673.0,
          "p_two_sided": 0.0503114590377925,
          "p_greater_than_zero": 0.02515572951889625,
          "p_less_than_zero": 0.9748442704811038
        },
        "nli_hop1": {
          "name": "nli_hop1",
          "n": 61,
          "mean": -0.1201,
          "median": -0.0004,
          "std": 0.2887,
          "frac_positive": 0.459,
          "wilcoxon_W": 765.0,
          "p_two_sided": 0.19480637587037375,
          "p_greater_than_zero": 0.9025968120648131,
          "p_less_than_zero": 0.09740318793518687
        },
        "nli_hop2": {
          "name": "nli_hop2",
          "n": 61,
          "mean": 0.1624,
          "median": 0.0031,
          "std": 0.4019,
          "frac_positive": 0.5574,
          "wilcoxon_W": 669.0,
          "p_two_sided": 0.04702560807996231,
          "p_greater_than_zero": 0.023512804039981156,
          "p_less_than_zero": 0.9764871959600189
        },
        "min_hop": {
          "name": "min_hop",
          "n": 61,
          "mean": -0.0224,
          "median": 0.0005,
          "std": 0.1807,
          "frac_positive": 0.5574,
          "wilcoxon_W": 795.0,
          "p_two_sided": 0.279693671463618,
          "p_greater_than_zero": 0.139846835731809,
          "p_less_than_zero": 0.860153164268191
        },
        "mean_hop": {
          "name": "mean_hop",
          "n": 61,
          "mean": 0.0211,
          "median": -0.0061,
          "std": 0.2311,
          "frac_positive": 0.459,
          "wilcoxon_W": 941.0,
          "p_two_sided": 0.9742148737378238,
          "p_greater_than_zero": 0.4871074368689119,
          "p_less_than_zero": 0.5128925631310881
        },
        "imbalance": {
          "name": "imbalance",
          "n": 61,
          "mean": 0.0871,
          "median": -0.0025,
          "std": 0.4149,
          "frac_positive": 0.4918,
          "wilcoxon_W": 811.0,
          "p_two_sided": 0.3340024865153688,
          "p_greater_than_zero": 0.1670012432576844,
          "p_less_than_zero": 0.8329987567423156
        }
      }
    },
    "bridge_comparison": {
      "n": 89,
      "delta_features": {
        "nli_flat": {
          "name": "nli_flat",
          "n": 89,
          "mean": -0.0333,
          "median": -0.0002,
          "std": 0.2442,
          "frac_positive": 0.4831,
          "wilcoxon_W": 1774.5,
          "p_two_sided": 0.35091258062461883,
          "p_greater_than_zero": 0.8245437096876906,
          "p_less_than_zero": 0.17545629031230942
        },
        "nli_hop1": {
          "name": "nli_hop1",
          "n": 89,
          "mean": -0.1996,
          "median": -0.1152,
          "std": 0.6766,
          "frac_positive": 0.3708,
          "wilcoxon_W": 1416.0,
          "p_two_sided": 0.016414975237710183,
          "p_greater_than_zero": 0.9917925123811449,
          "p_less_than_zero": 0.008207487618855092
        },
        "nli_hop2": {
          "name": "nli_hop2",
          "n": 89,
          "mean": 0.2775,
          "median": 0.0268,
          "std": 0.6261,
          "frac_positive": 0.6854,
          "wilcoxon_W": 1075.0,
          "p_two_sided": 0.00014782563240483298,
          "p_greater_than_zero": 7.391281620241649e-05,
          "p_less_than_zero": 0.9999260871837976
        },
        "min_hop": {
          "name": "min_hop",
          "n": 89,
          "mean": 0.0002,
          "median": 0.0003,
          "std": 0.0145,
          "frac_positive": 0.5955,
          "wilcoxon_W": 1636.0,
          "p_two_sided": 0.13375219381706302,
          "p_greater_than_zero": 0.06687609690853151,
          "p_less_than_zero": 0.9331239030914685
        },
        "mean_hop": {
          "name": "mean_hop",
          "n": 89,
          "mean": 0.039,
          "median": 0.0087,
          "std": 0.237,
          "frac_positive": 0.5843,
          "wilcoxon_W": 1591.0,
          "p_two_sided": 0.09226366959803117,
          "p_greater_than_zero": 0.046131834799015586,
          "p_less_than_zero": 0.9538681652009844
        },
        "imbalance": {
          "name": "imbalance",
          "n": 89,
          "mean": 0.0775,
          "median": 0.0156,
          "std": 0.4715,
          "frac_positive": 0.5955,
          "wilcoxon_W": 1625.0,
          "p_two_sided": 0.12247423253535113,
          "p_greater_than_zero": 0.06123711626767556,
          "p_less_than_zero": 0.9387628837323244
        }
      }
    },
    "comparison": {
      "n": 73,
      "delta_features": {
        "nli_flat": {
          "name": "nli_flat",
          "n": 73,
          "mean": 0.0633,
          "median": 0.0021,
          "std": 0.1574,
          "frac_positive": 0.6164,
          "wilcoxon_W": 841.0,
          "p_two_sided": 0.005094376246061311,
          "p_greater_than_zero": 0.0025471881230306557,
          "p_less_than_zero": 0.9974528118769693
        },
        "nli_hop1": {
          "name": "nli_hop1",
          "n": 73,
          "mean": -0.5096,
          "median": -0.8742,
          "std": 0.533,
          "frac_positive": 0.1507,
          "wilcoxon_W": 282.0,
          "p_two_sided": 4.2504763210692394e-09,
          "p_greater_than_zero": 0.9999999978747618,
          "p_less_than_zero": 2.1252381605346197e-09
        },
        "nli_hop2": {
          "name": "nli_hop2",
          "n": 73,
          "mean": 0.4947,
          "median": 0.8331,
          "std": 0.5883,
          "frac_positive": 0.8356,
          "wilcoxon_W": 394.0,
          "p_two_sided": 1.4530442562655625e-07,
          "p_greater_than_zero": 7.265221281327812e-08,
          "p_less_than_zero": 0.9999999273477872
        },
        "min_hop": {
          "name": "min_hop",
          "n": 73,
          "mean": -0.0187,
          "median": -0.0002,
          "std": 0.0855,
          "frac_positive": 0.3973,
          "wilcoxon_W": 1106.0,
          "p_two_sided": 0.17889909521634983,
          "p_greater_than_zero": 0.9105504523918251,
          "p_less_than_zero": 0.08944954760817492
        },
        "mean_hop": {
          "name": "mean_hop",
          "n": 73,
          "mean": -0.0075,
          "median": -0.0004,
          "std": 0.2627,
          "frac_positive": 0.4932,
          "wilcoxon_W": 1348.0,
          "p_two_sided": 0.9890343075501461,
          "p_greater_than_zero": 0.49451715377507305,
          "p_less_than_zero": 0.505482846224927
        },
        "imbalance": {
          "name": "imbalance",
          "n": 73,
          "mean": 0.0225,
          "median": 0.0233,
          "std": 0.4904,
          "frac_positive": 0.5342,
          "wilcoxon_W": 1220.0,
          "p_two_sided": 0.4731081599160828,
          "p_greater_than_zero": 0.2365540799580414,
          "p_less_than_zero": 0.7634459200419585
        }
      }
    },
    "inference": {
      "n": 18,
      "delta_features": {
        "nli_flat": {
          "name": "nli_flat",
          "n": 18,
          "mean": 0.0193,
          "median": 0.0026,
          "std": 0.3127,
          "frac_positive": 0.6111,
          "wilcoxon_W": 69.0,
          "p_two_sided": 0.49507904052734375,
          "p_greater_than_zero": 0.24753952026367188,
          "p_less_than_zero": 0.7658538818359375
        },
        "nli_hop1": {
          "name": "nli_hop1",
          "n": 18,
          "mean": -0.263,
          "median": -0.1025,
          "std": 0.3055,
          "frac_positive": 0.1111,
          "wilcoxon_W": 7.0,
          "p_two_sided": 0.00014495849609375,
          "p_greater_than_zero": 0.9999465942382812,
          "p_less_than_zero": 7.2479248046875e-05
        },
        "nli_hop2": {
          "name": "nli_hop2",
          "n": 18,
          "mean": -0.2378,
          "median": -0.0082,