{
  "standalone": {
    "top2": {
      "em": 132,
      "c2r": 27,
      "dl": 7,
      "net": 20
    },
    "top3": {
      "em": 146,
      "c2r": 38,
      "dl": 4,
      "net": 34
    },
    "top5": {
      "em": 177,
      "c2r": 73,
      "dl": 8,
      "net": 65
    },
    "top7": {
      "em": 172,
      "c2r": 71,
      "dl": 11,
      "net": 60
    },
    "all": {
      "em": 184,
      "c2r": 81,
      "dl": 9,
      "net": 72
    }
  },
  "hybrid_bests": {
    "top2": {
      "tau": 0.7,
      "n_llm": 254,
      "c2r": 27,
      "dl": 3,
      "net": 24,
      "em": 136,
      "rate": 0.4533333333333333
    },
    "top3": {
      "tau": 0.7,
      "n_llm": 254,
      "c2r": 38,
      "dl": 4,
      "net": 34,
      "em": 146,
      "rate": 0.4866666666666667
    },
    "top5": {
      "tau": 0.7,
      "n_llm": 254,
      "c2r": 72,
      "dl": 7,
      "net": 65,
      "em": 177,
      "rate": 0.59
    },
    "top7": {
      "tau": 0.7,
      "n_llm": 254,
      "c2r": 70,
      "dl": 10,
      "net": 60,
      "em": 172,
      "rate": 0.5733333333333334
    },
    "all": {
      "tau": 0.7,
      "n_llm": 254,
      "c2r": 79,
      "dl": 8,
      "net": 71,
      "em": 183,
      "rate": 0.61
    }
  },
  "xgb_baseline": 112
}