{
  "label": "wiki2",
  "n_chain_wins": 241,
  "n_pairs_used": 241,
  "delta_stats": {
    "nli_flat": {
      "mean_delta": 0.022226489626556017,
      "median_delta": 0.001121999999999998,
      "pct_positive": 56.84647302904564,
      "p_value": 0.041452668295455956
    },
    "nli_hop1": {
      "mean_delta": -0.27811009543568466,
      "median_delta": -0.075056,
      "pct_positive": 30.70539419087137,
      "p_value": 3.001671614967632e-12
    },
    "nli_hop2": {
      "mean_delta": 0.2756730124481328,
      "median_delta": 0.04785600000000001,
      "pct_positive": 68.04979253112033,
      "p_value": 8.411196793732217e-11
    },
    "min_hop": {
      "mean_delta": -0.02498763070539419,
      "median_delta": -3.999999999999989e-06,
      "pct_positive": 49.79253112033195,
      "p_value": 0.9503203131656809
    },
    "mean_hop": {
      "mean_delta": -0.0012185414937759312,
      "median_delta": -0.0006145000000000178,
      "pct_positive": 49.37759336099585,
      "p_value": 0.8459426842721369
    },
    "imbalance": {
      "mean_delta": 0.04753817842323652,
      "median_delta": 0.006551000000000001,
      "pct_positive": 53.11203319502075,
      "p_value": 0.22430160615037698
    }
  },
  "per_type": {
    "inference": {
      "nli_flat": 0.019297499999999995,
      "nli_hop1": -0.262959,
      "nli_hop2": -0.23778866666666662,
      "min_hop": -0.18387894444444444,
      "mean_hop": -0.25037383333333335,
      "imbalance": -0.13298977777777776
    },
    "compositional": {
      "nli_flat": 0.05489662295081968,
      "nli_hop1": -0.12010439344262297,
      "nli_hop2": 0.16238803278688524,
      "min_hop": -0.02238798360655738,
      "mean_hop": 0.02114181967213114,
      "imbalance": 0.08705960655737706
    },
    "bridge_comparison": {
      "nli_flat": -0.03327922471910112,
      "nli_hop1": -0.19961286516853932,
      "nli_hop2": 0.2775481011235955,
      "min_hop": 0.00022983146067415762,
      "mean_hop": 0.038967617977528096,
      "imbalance": 0.07747557303370786
    },
    "comparison": {
      "nli_flat": 0.06332035616438357,
      "nli_hop1": -0.5095802465753424,
      "nli_hop2": 0.49465672602739724,
      "min_hop": -0.018725835616438355,
      "mean_hop": -0.007461760273972606,
      "imbalance": 0.022528150684931518
    }
  }
}