{
  "label": "hotpotqa_mdr",
  "n_chain_wins": 124,
  "n_pairs_used": 124,
  "delta_stats": {
    "nli_flat": {
      "mean_delta": -0.016711685483870965,
      "median_delta": -0.00017350000000000026,
      "pct_positive": 48.38709677419355,
      "p_value": 0.3332709323812696
    },
    "nli_hop1": {
      "mean_delta": -0.192947,
      "median_delta": -0.0100755,
      "pct_positive": 35.483870967741936,
      "p_value": 4.425166087986117e-07
    },
    "nli_hop2": {
      "mean_delta": 0.1836643064516129,
      "median_delta": 0.0462775,
      "pct_positive": 61.29032258064516,
      "p_value": 2.7064420792179706e-05
    },
    "min_hop": {
      "mean_delta": -0.03589229032258065,
      "median_delta": -0.0002014999999999999,
      "pct_positive": 46.774193548387096,
      "p_value": 0.13011169265502925
    },
    "mean_hop": {
      "mean_delta": -0.004641346774193545,
      "median_delta": 0.0003694999999999861,
      "pct_positive": 50.0,
      "p_value": 0.9146080345080801
    },
    "imbalance": {
      "mean_delta": 0.06250188709677419,
      "median_delta": 0.01231999999999997,
      "pct_positive": 58.87096774193549,
      "p_value": 0.04062781966939667
    }
  },
  "per_type": {
    "bridge": {
      "nli_flat": -0.004834352380952381,
      "nli_hop1": -0.149947,
      "nli_hop2": 0.164933219047619,
      "min_hop": -0.032485714285714284,
      "mean_hop": 0.00749310952380953,
      "imbalance": 0.07995764761904761
    },
    "comparison": {
      "nli_flat": -0.08234957894736841,
      "nli_hop1": -0.43057857894736845,
      "nli_hop2": 0.2871782105263158,
      "min_hop": -0.05471810526315791,
      "mean_hop": -0.0717001842105263,
      "imbalance": -0.033964157894736856
    }
  }
}