{
  "label": "hotpotqa_distractor",
  "n_chain_wins": 131,
  "n_pairs_used": 131,
  "delta_stats": {
    "nli_flat": {
      "mean_delta": 0.016790618320610688,
      "median_delta": -0.0020829999999999998,
      "pct_positive": 41.98473282442748,
      "p_value": 0.5023529361524881
    },
    "nli_hop1": {
      "mean_delta": -0.06279421374045802,
      "median_delta": -0.001471,
      "pct_positive": 41.98473282442748,
      "p_value": 0.0539324306599155
    },
    "nli_hop2": {
      "mean_delta": 0.13929334351145037,
      "median_delta": 0.015985000000000006,
      "pct_positive": 62.59541984732825,
      "p_value": 0.000241623129897294
    },
    "min_hop": {
      "mean_delta": 0.017834687022900766,
      "median_delta": -4.699999999999995e-05,
      "pct_positive": 48.854961832061065,
      "p_value": 0.9633543508852033
    },
    "mean_hop": {
      "mean_delta": 0.03824956488549619,
      "median_delta": 0.005106499999999958,
      "pct_positive": 54.961832061068705,
      "p_value": 0.08003347131401234
    },
    "imbalance": {
      "mean_delta": 0.04082975572519084,
      "median_delta": 0.013051000000000035,
      "pct_positive": 56.48854961832062,
      "p_value": 0.08082877670577934
    }
  },
  "per_type": {
    "bridge": {
      "nli_flat": 0.03311667567567567,
      "nli_hop1": -0.0030118198198198203,
      "nli_hop2": 0.0868898018018018,
      "min_hop": 0.016793549549549557,
      "mean_hop": 0.041938990990990986,
      "imbalance": 0.05029088288288289
    },
    "comparison": {
      "nli_flat": -0.073819,
      "nli_hop1": -0.39458650000000006,
      "nli_hop2": 0.430133,
      "min_hop": 0.023613,
      "mean_hop": 0.01777325000000001,
      "imbalance": -0.011679500000000018
    }
  }
}