{
  "20": {
    "K": 20,
    "overall": {
      "n": 7405,
      "avg_pr": 0.8684672518568535,
      "avg_p_em": 0.5686022957461175,
      "avg_1_recall": 0.9266711681296421,
      "path_recall": 0.7954085077650236
    },
    "bridge": {
      "n": 5918,
      "avg_pr": 0.8355863467387631,
      "avg_p_em": 0.46688070294018247,
      "avg_1_recall": 0.908246029063873,
      "path_recall": 0.7446772558296721
    },
    "comparison": {
      "n": 1487,
      "avg_pr": 0.9993275050437121,
      "avg_p_em": 0.9734364492266308,
      "avg_1_recall": 1.0,
      "path_recall": 0.9973100201748487
    }
  },
  "50": {
    "K": 50,
    "overall": {
      "n": 7405,
      "avg_pr": 0.8991897366644159,
      "avg_p_em": 0.587846049966239,
      "avg_1_recall": 0.9461174881836597,
      "path_recall": 0.8405131667792033
    },
    "bridge": {
      "n": 5918,
      "avg_pr": 0.8739438999662048,
      "avg_p_em": 0.48605947955390333,
      "avg_1_recall": 0.9325785738425144,
      "path_recall": 0.800608313619466
    },
    "comparison": {
      "n": 1487,
      "avg_pr": 0.9996637525218561,
      "avg_p_em": 0.9929388029589779,
      "avg_1_recall": 1.0,
      "path_recall": 0.9993275050437121
    }
  },
  "100": {
    "K": 100,
    "overall": {
      "n": 7405,
      "avg_pr": 0.9142471303173532,
      "avg_p_em": 0.6027683997299123,
      "avg_1_recall": 0.9571910871033086,
      "path_recall": 0.8563133018230925
    },
    "bridge": {
      "n": 5918,
      "avg_pr": 0.8927002365664076,
      "avg_p_em": 0.50397093612707,
      "avg_1_recall": 0.9464346062859074,
      "path_recall": 0.820209530246705
    },
    "comparison": {
      "n": 1487,
      "avg_pr": 1.0,
      "avg_p_em": 0.995965030262273,
      "avg_1_recall": 1.0,
      "path_recall": 1.0
    }
  }
}